"Volume_Name","Volume_Type","Runway_Name","Point_Sequence","Point_X","Point_Y","Latitude","Longitude","Min_Altitude","Max_Altitude"
"09L_Climb_Out","PLT","R09L",1,2094,-397738,NA,NA,-152.400009155273,2286
"09L_Climb_Out","PLT","R09L",2,2037,-386626,NA,NA,-152.400009155273,2286
"09L_Climb_Out","PLT","R09L",3,-16482,-386722,NA,NA,-152.400009155273,2286
"09L_Climb_Out","PLT","R09L",4,-16424,-397834,NA,NA,-152.400009155273,2286
"09L_Climb_Out","PLT","R09L",5,2094,-397738,NA,NA,-152.400009155273,2286
"09L_E_0DME","PLT","R09L",1,-1580,-403313,NA,NA,-152.400009155273,2286
"09L_E_0DME","PLT","R09L",2,-1695,-381089,NA,NA,-152.400009155273,2286
"09L_E_0DME","PLT","R09L",3,2008,-381070,NA,NA,-152.400009155273,2286
"09L_E_0DME","PLT","R09L",4,2123,-403294,NA,NA,-152.400009155273,2286
"09L_E_0DME","PLT","R09L",5,-1580,-403313,NA,NA,-152.400009155273,2286
"09L_E_4DME","PLT","R09L",1,-9102,-381128,NA,NA,-152.400009155273,2286
"09L_E_4DME","PLT","R09L",2,2008,-381070,NA,NA,-152.400009155273,2286
"09L_E_4DME","PLT","R09L",3,2123,-403294,NA,NA,-152.400009155273,2286
"09L_E_4DME","PLT","R09L",4,-8988,-403351,NA,NA,-152.400009155273,2286
"09L_E_4DME","PLT","R09L",5,-9102,-381128,NA,NA,-152.400009155273,2286
"09L_GT_1_N","PLT","R09L",1,2056,-390330,NA,NA,-152.400009155273,2286
"09L_GT_1_N","PLT","R09L",2,-47946,-390588,NA,NA,-152.400009155273,2286
"09L_GT_1_N","PLT","R09L",3,-47994,-381328,NA,NA,-152.400009155273,2286
"09L_GT_1_N","PLT","R09L",4,2008,-381070,NA,NA,-152.400009155273,2286
"09L_GT_1_N","PLT","R09L",5,2056,-390330,NA,NA,-152.400009155273,2286
"09L_GT_1_S","PLT","R09L",1,2075,-394034,NA,NA,-152.400009155273,2286
"09L_GT_1_S","PLT","R09L",2,-47927,-394292,NA,NA,-152.400009155273,2286
"09L_GT_1_S","PLT","R09L",3,-47879,-403552,NA,NA,-152.400009155273,2286
"09L_GT_1_S","PLT","R09L",4,2123,-403294,NA,NA,-152.400009155273,2286
"09L_GT_1_S","PLT","R09L",5,2075,-394034,NA,NA,-152.400009155273,2286
"09L_GT_3_N","PLT","R09L",1,2037,-386626,NA,NA,-152.400009155273,2286
"09L_GT_3_N","PLT","R09L",2,-47965,-386884,NA,NA,-152.400009155273,2286
"09L_GT_3_N","PLT","R09L",3,-47994,-381328,NA,NA,-152.400009155273,2286
"09L_GT_3_N","PLT","R09L",4,2008,-381070,NA,NA,-152.400009155273,2286
"09L_GT_3_N","PLT","R09L",5,2037,-386626,NA,NA,-152.400009155273,2286
"09L_GT_3_S","PLT","R09L",1,2094,-397738,NA,NA,-152.400009155273,2286
"09L_GT_3_S","PLT","R09L",2,-47908,-397996,NA,NA,-152.400009155273,2286
"09L_GT_3_S","PLT","R09L",3,-47879,-403552,NA,NA,-152.400009155273,2286
"09L_GT_3_S","PLT","R09L",4,2123,-403294,NA,NA,-152.400009155273,2286
"09L_GT_3_S","PLT","R09L",5,2094,-397738,NA,NA,-152.400009155273,2286
"09L_GWCS_ILS","GWCS","R09L",1,-1636,-392451,NA,NA,-152.400009155273,2042.16003417969
"09L_GWCS_ILS","GWCS","R09L",2,-1639,-391951,NA,NA,-152.400009155273,2042.16003417969
"09L_GWCS_ILS","GWCS","R09L",3,-42382,-392161,NA,NA,-152.400009155273,2042.16003417969
"09L_GWCS_ILS","GWCS","R09L",4,-42379,-392661,NA,NA,-152.400009155273,2042.16003417969
"09L_GWCS_ILS","GWCS","R09L",5,-1636,-392451,NA,NA,-152.400009155273,2042.16003417969
"09L_ILS","PLT","R09L",1,-9044,-392490,NA,NA,-152.400009155273,2042.16003417969
"09L_ILS","PLT","R09L",2,-9046,-391990,NA,NA,-152.400009155273,2042.16003417969
"09L_ILS","PLT","R09L",3,-47938,-392190,NA,NA,-152.400009155273,2042.16003417969
"09L_ILS","PLT","R09L",4,-47935,-392690,NA,NA,-152.400009155273,2042.16003417969
"09L_ILS","PLT","R09L",5,-9044,-392490,NA,NA,-152.400009155273,2042.16003417969
"09L_Landing","PLT","R09L",1,-1636,-392451,NA,NA,-152.400009155273,609.600036621094
"09L_Landing","PLT","R09L",2,-1639,-391951,NA,NA,-152.400009155273,609.600036621094
"09L_Landing","PLT","R09L",3,-9046,-391990,NA,NA,-152.400009155273,609.600036621094
"09L_Landing","PLT","R09L",4,-9044,-392490,NA,NA,-152.400009155273,609.600036621094
"09L_Landing","PLT","R09L",5,-1636,-392451,NA,NA,-152.400009155273,609.600036621094
"09L_N_Base_1a","PLT","R09L",1,-9045,-392240,NA,NA,-152.400009155273,1432.56005859375
"09L_N_Base_1a","PLT","R09L",2,-9102,-381128,NA,NA,-152.400009155273,1432.56005859375
"09L_N_Base_1a","PLT","R09L",3,-20214,-381185,NA,NA,-152.400009155273,1432.56005859375
"09L_N_Base_1a","PLT","R09L",4,-20157,-392297,NA,NA,-152.400009155273,1432.56005859375
"09L_N_Base_1a","PLT","R09L",5,-9045,-392240,NA,NA,-152.400009155273,1432.56005859375
"09L_N_Base_1b","PLT","R09L",1,-20157,-392297,NA,NA,-152.400009155273,1737.35998535156
"09L_N_Base_1b","PLT","R09L",2,-20214,-381185,NA,NA,-152.400009155273,1737.35998535156
"09L_N_Base_1b","PLT","R09L",3,-27622,-381223,NA,NA,-152.400009155273,1737.35998535156
"09L_N_Base_1b","PLT","R09L",4,-27565,-392335,NA,NA,-152.400009155273,1737.35998535156
"09L_N_Base_1b","PLT","R09L",5,-20157,-392297,NA,NA,-152.400009155273,1737.35998535156
"09L_N_Base_1c","PLT","R09L",1,-27565,-392335,NA,NA,-152.400009155273,2042.16003417969
"09L_N_Base_1c","PLT","R09L",2,-27622,-381223,NA,NA,-152.400009155273,2042.16003417969
"09L_N_Base_1c","PLT","R09L",3,-47994,-381328,NA,NA,-152.400009155273,2042.16003417969
"09L_N_Base_1c","PLT","R09L",4,-47937,-392440,NA,NA,-152.400009155273,2042.16003417969
"09L_N_Base_1c","PLT","R09L",5,-27565,-392335,NA,NA,-152.400009155273,2042.16003417969
"09L_N_Base_2","PLT","R09L",1,-9102,-381128,NA,NA,-152.400009155273,2042.16003417969
"09L_N_Base_2","PLT","R09L",2,-47994,-381328,NA,NA,-152.400009155273,2042.16003417969
"09L_N_Base_2","PLT","R09L",3,-47937,-392440,NA,NA,-152.400009155273,2042.16003417969
"09L_N_Base_2","PLT","R09L",4,-9045,-392240,NA,NA,-152.400009155273,2042.16003417969
"09L_N_Base_2","PLT","R09L",5,-9102,-381128,NA,NA,-152.400009155273,2042.16003417969
"09L_N_Ext_Base","PLT","R09L",1,-9045,-392240,NA,NA,-152.400009155273,2286
"09L_N_Ext_Base","PLT","R09L",2,-47937,-392440,NA,NA,-152.400009155273,2286
"09L_N_Ext_Base","PLT","R09L",3,-47879,-403552,NA,NA,-152.400009155273,2286
"09L_N_Ext_Base","PLT","R09L",4,-8988,-403351,NA,NA,-152.400009155273,2286
"09L_N_Ext_Base","PLT","R09L",5,-9045,-392240,NA,NA,-152.400009155273,2286
"09L_N_Ext_Inter","PLT","R09L",1,-9045,-392240,NA,NA,-152.400009155273,2286
"09L_N_Ext_Inter","PLT","R09L",2,-47937,-392440,NA,NA,-152.400009155273,2286
"09L_N_Ext_Inter","PLT","R09L",3,-47879,-403552,NA,NA,-152.400009155273,2286
"09L_N_Ext_Inter","PLT","R09L",4,-8988,-403351,NA,NA,-152.400009155273,2286
"09L_N_Ext_Inter","PLT","R09L",5,-9045,-392240,NA,NA,-152.400009155273,2286
"09L_N_Intercept","PLT","R09L",1,-9045,-392240,NA,NA,-152.400009155273,2042.16003417969
"09L_N_Intercept","PLT","R09L",2,-47937,-392440,NA,NA,-152.400009155273,2042.16003417969
"09L_N_Intercept","PLT","R09L",3,-47994,-381328,NA,NA,-152.400009155273,2042.16003417969
"09L_N_Intercept","PLT","R09L",4,-9102,-381128,NA,NA,-152.400009155273,2042.16003417969
"09L_N_Intercept","PLT","R09L",5,-9045,-392240,NA,NA,-152.400009155273,2042.16003417969
"09L_S_Base_1a","PLT","R09L",1,-9045,-392240,NA,NA,-152.400009155273,1432.56005859375
"09L_S_Base_1a","PLT","R09L",2,-8988,-403351,NA,NA,-152.400009155273,1432.56005859375
"09L_S_Base_1a","PLT","R09L",3,-20100,-403409,NA,NA,-152.400009155273,1432.56005859375
"09L_S_Base_1a","PLT","R09L",4,-20157,-392297,NA,NA,-152.400009155273,1432.56005859375
"09L_S_Base_1a","PLT","R09L",5,-9045,-392240,NA,NA,-152.400009155273,1432.56005859375
"09L_S_Base_1b","PLT","R09L",1,-20157,-392297,NA,NA,-152.400009155273,1737.35998535156
"09L_S_Base_1b","PLT","R09L",2,-20100,-403409,NA,NA,-152.400009155273,1737.35998535156
"09L_S_Base_1b","PLT","R09L",3,-27508,-403447,NA,NA,-152.400009155273,1737.35998535156
"09L_S_Base_1b","PLT","R09L",4,-27565,-392335,NA,NA,-152.400009155273,1737.35998535156
"09L_S_Base_1b","PLT","R09L",5,-20157,-392297,NA,NA,-152.400009155273,1737.35998535156
"09L_S_Base_1c","PLT","R09L",1,-27565,-392335,NA,NA,-152.400009155273,2042.16003417969
"09L_S_Base_1c","PLT","R09L",2,-27508,-403447,NA,NA,-152.400009155273,2042.16003417969
"09L_S_Base_1c","PLT","R09L",3,-47879,-403552,NA,NA,-152.400009155273,2042.16003417969
"09L_S_Base_1c","PLT","R09L",4,-47937,-392440,NA,NA,-152.400009155273,2042.16003417969
"09L_S_Base_1c","PLT","R09L",5,-27565,-392335,NA,NA,-152.400009155273,2042.16003417969
"09L_S_Base_2","PLT","R09L",1,-8988,-403351,NA,NA,-152.400009155273,2042.16003417969
"09L_S_Base_2","PLT","R09L",2,-47879,-403552,NA,NA,-152.400009155273,2042.16003417969
"09L_S_Base_2","PLT","R09L",3,-47937,-392440,NA,NA,-152.400009155273,2042.16003417969
"09L_S_Base_2","PLT","R09L",4,-9045,-392240,NA,NA,-152.400009155273,2042.16003417969
"09L_S_Base_2","PLT","R09L",5,-8988,-403351,NA,NA,-152.400009155273,2042.16003417969
"09L_S_Ext_Base","PLT","R09L",1,-9045,-392240,NA,NA,-152.400009155273,2286
"09L_S_Ext_Base","PLT","R09L",2,-47937,-392440,NA,NA,-152.400009155273,2286
"09L_S_Ext_Base","PLT","R09L",3,-47994,-381328,NA,NA,-152.400009155273,2286
"09L_S_Ext_Base","PLT","R09L",4,-9102,-381128,NA,NA,-152.400009155273,2286
"09L_S_Ext_Base","PLT","R09L",5,-9045,-392240,NA,NA,-152.400009155273,2286
"09L_S_Ext_Inter","PLT","R09L",1,-9045,-392240,NA,NA,-152.400009155273,2286
"09L_S_Ext_Inter","PLT","R09L",2,-47937,-392440,NA,NA,-152.400009155273,2286
"09L_S_Ext_Inter","PLT","R09L",3,-47994,-381328,NA,NA,-152.400009155273,2286
"09L_S_Ext_Inter","PLT","R09L",4,-9102,-381128,NA,NA,-152.400009155273,2286
"09L_S_Ext_Inter","PLT","R09L",5,-9045,-392240,NA,NA,-152.400009155273,2286
"09L_S_Intercept","PLT","R09L",1,-9045,-392240,NA,NA,-152.400009155273,2042.16003417969
"09L_S_Intercept","PLT","R09L",2,-47937,-392440,NA,NA,-152.400009155273,2042.16003417969
"09L_S_Intercept","PLT","R09L",3,-47879,-403552,NA,NA,-152.400009155273,2042.16003417969
"09L_S_Intercept","PLT","R09L",4,-8988,-403351,NA,NA,-152.400009155273,2042.16003417969
"09L_S_Intercept","PLT","R09L",5,-9045,-392240,NA,NA,-152.400009155273,2042.16003417969
"09L_Switch","PLT","R09L",1,-1635,-392701,NA,NA,-152.400009155273,2042.16003417969
"09L_Switch","PLT","R09L",2,-1632,-393201,NA,NA,-152.400009155273,2042.16003417969
"09L_Switch","PLT","R09L",3,-47932,-393440,NA,NA,-152.400009155273,2042.16003417969
"09L_Switch","PLT","R09L",4,-47934,-392940,NA,NA,-152.400009155273,2042.16003417969
"09L_Switch","PLT","R09L",5,-1635,-392701,NA,NA,-152.400009155273,2042.16003417969
"09R_Climb_Out","PLT","R09R",1,2279,-399153,NA,NA,-152.400009155273,2286
"09R_Climb_Out","PLT","R09R",2,2223,-388041,NA,NA,-152.400009155273,2286
"09R_Climb_Out","PLT","R09R",3,-16296,-388133,NA,NA,-152.400009155273,2286
"09R_Climb_Out","PLT","R09R",4,-16240,-399245,NA,NA,-152.400009155273,2286
"09R_Climb_Out","PLT","R09R",5,2279,-399153,NA,NA,-152.400009155273,2286
"09R_E_0DME","PLT","R09R",1,-1397,-404727,NA,NA,-152.400009155273,2286
"09R_E_0DME","PLT","R09R",2,-1508,-382503,NA,NA,-152.400009155273,2286
"09R_E_0DME","PLT","R09R",3,2195,-382485,NA,NA,-152.400009155273,2286
"09R_E_0DME","PLT","R09R",4,2306,-404709,NA,NA,-152.400009155273,2286
"09R_E_0DME","PLT","R09R",5,-1397,-404727,NA,NA,-152.400009155273,2286
"09R_E_4DME","PLT","R09R",1,-8916,-382540,NA,NA,-152.400009155273,2286
"09R_E_4DME","PLT","R09R",2,2195,-382485,NA,NA,-152.400009155273,2286
"09R_E_4DME","PLT","R09R",3,2306,-404709,NA,NA,-152.400009155273,2286
"09R_E_4DME","PLT","R09R",4,-8805,-404764,NA,NA,-152.400009155273,2286
"09R_E_4DME","PLT","R09R",5,-8916,-382540,NA,NA,-152.400009155273,2286
"09R_GT_1_N","PLT","R09R",1,2242,-391745,NA,NA,-152.400009155273,2286
"09R_GT_1_N","PLT","R09R",2,-47761,-391995,NA,NA,-152.400009155273,2286
"09R_GT_1_N","PLT","R09R",3,-47807,-382735,NA,NA,-152.400009155273,2286
"09R_GT_1_N","PLT","R09R",4,2195,-382485,NA,NA,-152.400009155273,2286
"09R_GT_1_N","PLT","R09R",5,2242,-391745,NA,NA,-152.400009155273,2286
"09R_GT_1_S","PLT","R09R",1,2260,-395449,NA,NA,-152.400009155273,2286
"09R_GT_1_S","PLT","R09R",2,-47742,-395698,NA,NA,-152.400009155273,2286
"09R_GT_1_S","PLT","R09R",3,-47696,-404958,NA,NA,-152.400009155273,2286
"09R_GT_1_S","PLT","R09R",4,2306,-404709,NA,NA,-152.400009155273,2286
"09R_GT_1_S","PLT","R09R",5,2260,-395449,NA,NA,-152.400009155273,2286
"09R_GT_3_N","PLT","R09R",1,2223,-388041,NA,NA,-152.400009155273,2286
"09R_GT_3_N","PLT","R09R",2,-47779,-388291,NA,NA,-152.400009155273,2286
"09R_GT_3_N","PLT","R09R",3,-47807,-382735,NA,NA,-152.400009155273,2286
"09R_GT_3_N","PLT","R09R",4,2195,-382485,NA,NA,-152.400009155273,2286
"09R_GT_3_N","PLT","R09R",5,2223,-388041,NA,NA,-152.400009155273,2286
"09R_GT_3_S","PLT","R09R",1,2279,-399153,NA,NA,-152.400009155273,2286
"09R_GT_3_S","PLT","R09R",2,-47724,-399402,NA,NA,-152.400009155273,2286
"09R_GT_3_S","PLT","R09R",3,-47696,-404958,NA,NA,-152.400009155273,2286
"09R_GT_3_S","PLT","R09R",4,2306,-404709,NA,NA,-152.400009155273,2286
"09R_GT_3_S","PLT","R09R",5,2279,-399153,NA,NA,-152.400009155273,2286
"09R_GWCS_ILS","GWCS","R09R",1,-1451,-393865,NA,NA,-152.400009155273,2042.16003417969
"09R_GWCS_ILS","GWCS","R09R",2,-1453,-393365,NA,NA,-152.400009155273,2042.16003417969
"09R_GWCS_ILS","GWCS","R09R",3,-42197,-393569,NA,NA,-152.400009155273,2042.16003417969
"09R_GWCS_ILS","GWCS","R09R",4,-42194,-394069,NA,NA,-152.400009155273,2042.16003417969
"09R_GWCS_ILS","GWCS","R09R",5,-1451,-393865,NA,NA,-152.400009155273,2042.16003417969
"09R_ILS","PLT","R09R",1,-8859,-393902,NA,NA,-152.400009155273,2042.16003417969
"09R_ILS","PLT","R09R",2,-8861,-393402,NA,NA,-152.400009155273,2042.16003417969
"09R_ILS","PLT","R09R",3,-47753,-393597,NA,NA,-152.400009155273,2042.16003417969
"09R_ILS","PLT","R09R",4,-47750,-394097,NA,NA,-152.400009155273,2042.16003417969
"09R_ILS","PLT","R09R",5,-8859,-393902,NA,NA,-152.400009155273,2042.16003417969
"09R_Landing","PLT","R09R",1,-1451,-393865,NA,NA,-152.400009155273,609.600036621094
"09R_Landing","PLT","R09R",2,-1453,-393365,NA,NA,-152.400009155273,609.600036621094
"09R_Landing","PLT","R09R",3,-8861,-393402,NA,NA,-152.400009155273,609.600036621094
"09R_Landing","PLT","R09R",4,-8859,-393902,NA,NA,-152.400009155273,609.600036621094
"09R_Landing","PLT","R09R",5,-1451,-393865,NA,NA,-152.400009155273,609.600036621094
"09R_N_Base_1a","PLT","R09R",1,-8860,-393652,NA,NA,-152.400009155273,1432.56005859375
"09R_N_Base_1a","PLT","R09R",2,-8916,-382540,NA,NA,-152.400009155273,1432.56005859375
"09R_N_Base_1a","PLT","R09R",3,-20027,-382596,NA,NA,-152.400009155273,1432.56005859375
"09R_N_Base_1a","PLT","R09R",4,-19972,-393708,NA,NA,-152.400009155273,1432.56005859375
"09R_N_Base_1a","PLT","R09R",5,-8860,-393652,NA,NA,-152.400009155273,1432.56005859375
"09R_N_Base_1b","PLT","R09R",1,-19972,-393708,NA,NA,-152.400009155273,1737.35998535156
"09R_N_Base_1b","PLT","R09R",2,-20027,-382596,NA,NA,-152.400009155273,1737.35998535156
"09R_N_Base_1b","PLT","R09R",3,-27435,-382633,NA,NA,-152.400009155273,1737.35998535156
"09R_N_Base_1b","PLT","R09R",4,-27380,-393745,NA,NA,-152.400009155273,1737.35998535156
"09R_N_Base_1b","PLT","R09R",5,-19972,-393708,NA,NA,-152.400009155273,1737.35998535156
"09R_N_Base_1c","PLT","R09R",1,-27380,-393745,NA,NA,-152.400009155273,2042.16003417969
"09R_N_Base_1c","PLT","R09R",2,-27435,-382633,NA,NA,-152.400009155273,2042.16003417969
"09R_N_Base_1c","PLT","R09R",3,-47807,-382735,NA,NA,-152.400009155273,2042.16003417969
"09R_N_Base_1c","PLT","R09R",4,-47752,-393847,NA,NA,-152.400009155273,2042.16003417969
"09R_N_Base_1c","PLT","R09R",5,-27380,-393745,NA,NA,-152.400009155273,2042.16003417969
"09R_N_Base_2","PLT","R09R",1,-8916,-382540,NA,NA,-152.400009155273,2042.16003417969
"09R_N_Base_2","PLT","R09R",2,-47807,-382735,NA,NA,-152.400009155273,2042.16003417969
"09R_N_Base_2","PLT","R09R",3,-47752,-393847,NA,NA,-152.400009155273,2042.16003417969
"09R_N_Base_2","PLT","R09R",4,-8860,-393652,NA,NA,-152.400009155273,2042.16003417969
"09R_N_Base_2","PLT","R09R",5,-8916,-382540,NA,NA,-152.400009155273,2042.16003417969
"09R_N_Ext_Base","PLT","R09R",1,-8860,-393652,NA,NA,-152.400009155273,2286
"09R_N_Ext_Base","PLT","R09R",2,-47752,-393847,NA,NA,-152.400009155273,2286
"09R_N_Ext_Base","PLT","R09R",3,-47696,-404958,NA,NA,-152.400009155273,2286
"09R_N_Ext_Base","PLT","R09R",4,-8805,-404764,NA,NA,-152.400009155273,2286
"09R_N_Ext_Base","PLT","R09R",5,-8860,-393652,NA,NA,-152.400009155273,2286
"09R_N_Ext_Inter","PLT","R09R",1,-8860,-393652,NA,NA,-152.400009155273,2286
"09R_N_Ext_Inter","PLT","R09R",2,-47752,-393847,NA,NA,-152.400009155273,2286
"09R_N_Ext_Inter","PLT","R09R",3,-47696,-404958,NA,NA,-152.400009155273,2286
"09R_N_Ext_Inter","PLT","R09R",4,-8805,-404764,NA,NA,-152.400009155273,2286
"09R_N_Ext_Inter","PLT","R09R",5,-8860,-393652,NA,NA,-152.400009155273,2286
"09R_N_Intercept","PLT","R09R",1,-8860,-393652,NA,NA,-152.400009155273,2042.16003417969
"09R_N_Intercept","PLT","R09R",2,-47752,-393847,NA,NA,-152.400009155273,2042.16003417969
"09R_N_Intercept","PLT","R09R",3,-47807,-382735,NA,NA,-152.400009155273,2042.16003417969
"09R_N_Intercept","PLT","R09R",4,-8916,-382540,NA,NA,-152.400009155273,2042.16003417969
"09R_N_Intercept","PLT","R09R",5,-8860,-393652,NA,NA,-152.400009155273,2042.16003417969
"09R_S_Base_1a","PLT","R09R",1,-8860,-393652,NA,NA,-152.400009155273,1432.56005859375
"09R_S_Base_1a","PLT","R09R",2,-8805,-404764,NA,NA,-152.400009155273,1432.56005859375
"09R_S_Base_1a","PLT","R09R",3,-19916,-404820,NA,NA,-152.400009155273,1432.56005859375
"09R_S_Base_1a","PLT","R09R",4,-19972,-393708,NA,NA,-152.400009155273,1432.56005859375
"09R_S_Base_1a","PLT","R09R",5,-8860,-393652,NA,NA,-152.400009155273,1432.56005859375
"09R_S_Base_1b","PLT","R09R",1,-19972,-393708,NA,NA,-152.400009155273,1737.35998535156
"09R_S_Base_1b","PLT","R09R",2,-19916,-404820,NA,NA,-152.400009155273,1737.35998535156
"09R_S_Base_1b","PLT","R09R",3,-27324,-404857,NA,NA,-152.400009155273,1737.35998535156
"09R_S_Base_1b","PLT","R09R",4,-27380,-393745,NA,NA,-152.400009155273,1737.35998535156
"09R_S_Base_1b","PLT","R09R",5,-19972,-393708,NA,NA,-152.400009155273,1737.35998535156
"09R_S_Base_1c","PLT","R09R",1,-27380,-393745,NA,NA,-152.400009155273,2042.16003417969
"09R_S_Base_1c","PLT","R09R",2,-27324,-404857,NA,NA,-152.400009155273,2042.16003417969
"09R_S_Base_1c","PLT","R09R",3,-47696,-404958,NA,NA,-152.400009155273,2042.16003417969
"09R_S_Base_1c","PLT","R09R",4,-47752,-393847,NA,NA,-152.400009155273,2042.16003417969
"09R_S_Base_1c","PLT","R09R",5,-27380,-393745,NA,NA,-152.400009155273,2042.16003417969
"09R_S_Base_2","PLT","R09R",1,-8805,-404764,NA,NA,-152.400009155273,2042.16003417969
"09R_S_Base_2","PLT","R09R",2,-47696,-404958,NA,NA,-152.400009155273,2042.16003417969
"09R_S_Base_2","PLT","R09R",3,-47752,-393847,NA,NA,-152.400009155273,2042.16003417969
"09R_S_Base_2","PLT","R09R",4,-8860,-393652,NA,NA,-152.400009155273,2042.16003417969
"09R_S_Base_2","PLT","R09R",5,-8805,-404764,NA,NA,-152.400009155273,2042.16003417969
"09R_S_Ext_Base","PLT","R09R",1,-8860,-393652,NA,NA,-152.400009155273,2286
"09R_S_Ext_Base","PLT","R09R",2,-47752,-393847,NA,NA,-152.400009155273,2286
"09R_S_Ext_Base","PLT","R09R",3,-47807,-382735,NA,NA,-152.400009155273,2286
"09R_S_Ext_Base","PLT","R09R",4,-8916,-382540,NA,NA,-152.400009155273,2286
"09R_S_Ext_Base","PLT","R09R",5,-8860,-393652,NA,NA,-152.400009155273,2286
"09R_S_Ext_Inter","PLT","R09R",1,-8860,-393652,NA,NA,-152.400009155273,2286
"09R_S_Ext_Inter","PLT","R09R",2,-47752,-393847,NA,NA,-152.400009155273,2286
"09R_S_Ext_Inter","PLT","R09R",3,-47807,-382735,NA,NA,-152.400009155273,2286
"09R_S_Ext_Inter","PLT","R09R",4,-8916,-382540,NA,NA,-152.400009155273,2286
"09R_S_Ext_Inter","PLT","R09R",5,-8860,-393652,NA,NA,-152.400009155273,2286
"09R_S_Intercept","PLT","R09R",1,-8860,-393652,NA,NA,-152.400009155273,2042.16003417969
"09R_S_Intercept","PLT","R09R",2,-47752,-393847,NA,NA,-152.400009155273,2042.16003417969
"09R_S_Intercept","PLT","R09R",3,-47696,-404958,NA,NA,-152.400009155273,2042.16003417969
"09R_S_Intercept","PLT","R09R",4,-8805,-404764,NA,NA,-152.400009155273,2042.16003417969
"09R_S_Intercept","PLT","R09R",5,-8860,-393652,NA,NA,-152.400009155273,2042.16003417969
"09R_Switch","PLT","R09R",1,-1455,-393115,NA,NA,-152.400009155273,2042.16003417969
"09R_Switch","PLT","R09R",2,-1457,-392615,NA,NA,-152.400009155273,2042.16003417969
"09R_Switch","PLT","R09R",3,-47757,-392847,NA,NA,-152.400009155273,2042.16003417969
"09R_Switch","PLT","R09R",4,-47754,-393347,NA,NA,-152.400009155273,2042.16003417969
"09R_Switch","PLT","R09R",5,-1455,-393115,NA,NA,-152.400009155273,2042.16003417969
"27L_Climb_Out","PLT","R27L",1,-1775,-399173,NA,NA,-152.400009155273,2286
"27L_Climb_Out","PLT","R27L",2,-1830,-388061,NA,NA,-152.400009155273,2286
"27L_Climb_Out","PLT","R27L",3,16689,-387969,NA,NA,-152.400009155273,2286
"27L_Climb_Out","PLT","R27L",4,16744,-399080,NA,NA,-152.400009155273,2286
"27L_Climb_Out","PLT","R27L",5,-1775,-399173,NA,NA,-152.400009155273,2286
"27L_GT_1_N","PLT","R27L",1,-1812,-391765,NA,NA,-152.400009155273,2286
"27L_GT_1_N","PLT","R27L",2,48191,-391515,NA,NA,-152.400009155273,2286
"27L_GT_1_N","PLT","R27L",3,48144,-382255,NA,NA,-152.400009155273,2286
"27L_GT_1_N","PLT","R27L",4,-1858,-382505,NA,NA,-152.400009155273,2286
"27L_GT_1_N","PLT","R27L",5,-1812,-391765,NA,NA,-152.400009155273,2286
"27L_GT_1_S","PLT","R27L",1,-1793,-395469,NA,NA,-152.400009155273,2286
"27L_GT_1_S","PLT","R27L",2,48209,-395219,NA,NA,-152.400009155273,2286
"27L_GT_1_S","PLT","R27L",3,48255,-404479,NA,NA,-152.400009155273,2286
"27L_GT_1_S","PLT","R27L",4,-1747,-404729,NA,NA,-152.400009155273,2286
"27L_GT_1_S","PLT","R27L",5,-1793,-395469,NA,NA,-152.400009155273,2286
"27L_GT_3_N","PLT","R27L",1,-1830,-388061,NA,NA,-152.400009155273,2286
"27L_GT_3_N","PLT","R27L",2,48172,-387811,NA,NA,-152.400009155273,2286
"27L_GT_3_N","PLT","R27L",3,48144,-382255,NA,NA,-152.400009155273,2286
"27L_GT_3_N","PLT","R27L",4,-1858,-382505,NA,NA,-152.400009155273,2286
"27L_GT_3_N","PLT","R27L",5,-1830,-388061,NA,NA,-152.400009155273,2286
"27L_GT_3_S","PLT","R27L",1,-1775,-399173,NA,NA,-152.400009155273,2286
"27L_GT_3_S","PLT","R27L",2,48228,-398923,NA,NA,-152.400009155273,2286
"27L_GT_3_S","PLT","R27L",3,48255,-404479,NA,NA,-152.400009155273,2286
"27L_GT_3_S","PLT","R27L",4,-1747,-404729,NA,NA,-152.400009155273,2286
"27L_GT_3_S","PLT","R27L",5,-1775,-399173,NA,NA,-152.400009155273,2286
"27L_GWCS_ILS","GWCS","R27L",1,1902,-393849,NA,NA,-152.400009155273,2042.16003417969
"27L_GWCS_ILS","GWCS","R27L",2,1899,-393349,NA,NA,-152.400009155273,2042.16003417969
"27L_GWCS_ILS","GWCS","R27L",3,42643,-393145,NA,NA,-152.400009155273,2042.16003417969
"27L_GWCS_ILS","GWCS","R27L",4,42645,-393645,NA,NA,-152.400009155273,2042.16003417969
"27L_GWCS_ILS","GWCS","R27L",5,1902,-393849,NA,NA,-152.400009155273,2042.16003417969
"27L_ILS","PLT","R27L",1,9310,-393812,NA,NA,-152.400009155273,2042.16003417969
"27L_ILS","PLT","R27L",2,9307,-393312,NA,NA,-152.400009155273,2042.16003417969
"27L_ILS","PLT","R27L",3,48199,-393117,NA,NA,-152.400009155273,2042.16003417969
"27L_ILS","PLT","R27L",4,48201,-393617,NA,NA,-152.400009155273,2042.16003417969
"27L_ILS","PLT","R27L",5,9310,-393812,NA,NA,-152.400009155273,2042.16003417969
"27L_Landing","PLT","R27L",1,1902,-393849,NA,NA,-152.400009155273,609.600036621094
"27L_Landing","PLT","R27L",2,1899,-393349,NA,NA,-152.400009155273,609.600036621094
"27L_Landing","PLT","R27L",3,9307,-393312,NA,NA,-152.400009155273,609.600036621094
"27L_Landing","PLT","R27L",4,9310,-393812,NA,NA,-152.400009155273,609.600036621094
"27L_Landing","PLT","R27L",5,1902,-393849,NA,NA,-152.400009155273,609.600036621094
"27L_N_Base_1a","PLT","R27L",1,9308,-393562,NA,NA,-152.400009155273,1432.56005859375
"27L_N_Base_1a","PLT","R27L",2,9253,-382450,NA,NA,-152.400009155273,1432.56005859375
"27L_N_Base_1a","PLT","R27L",3,20365,-382394,NA,NA,-152.400009155273,1432.56005859375
"27L_N_Base_1a","PLT","R27L",4,20420,-393506,NA,NA,-152.400009155273,1432.56005859375
"27L_N_Base_1a","PLT","R27L",5,9308,-393562,NA,NA,-152.400009155273,1432.56005859375
"27L_N_Base_1b","PLT","R27L",1,20420,-393506,NA,NA,-152.400009155273,1737.35998535156
"27L_N_Base_1b","PLT","R27L",2,20365,-382394,NA,NA,-152.400009155273,1737.35998535156
"27L_N_Base_1b","PLT","R27L",3,27773,-382357,NA,NA,-152.400009155273,1737.35998535156
"27L_N_Base_1b","PLT","R27L",4,27828,-393469,NA,NA,-152.400009155273,1737.35998535156
"27L_N_Base_1b","PLT","R27L",5,20420,-393506,NA,NA,-152.400009155273,1737.35998535156
"27L_N_Base_1c","PLT","R27L",1,27828,-393469,NA,NA,-152.400009155273,2042.16003417969
"27L_N_Base_1c","PLT","R27L",2,27773,-382357,NA,NA,-152.400009155273,2042.16003417969
"27L_N_Base_1c","PLT","R27L",3,48144,-382255,NA,NA,-152.400009155273,2042.16003417969
"27L_N_Base_1c","PLT","R27L",4,48200,-393367,NA,NA,-152.400009155273,2042.16003417969
"27L_N_Base_1c","PLT","R27L",5,27828,-393469,NA,NA,-152.400009155273,2042.16003417969
"27L_N_Base_2","PLT","R27L",1,9253,-382450,NA,NA,-152.400009155273,2042.16003417969
"27L_N_Base_2","PLT","R27L",2,48144,-382255,NA,NA,-152.400009155273,2042.16003417969
"27L_N_Base_2","PLT","R27L",3,48200,-393367,NA,NA,-152.400009155273,2042.16003417969
"27L_N_Base_2","PLT","R27L",4,9308,-393562,NA,NA,-152.400009155273,2042.16003417969
"27L_N_Base_2","PLT","R27L",5,9253,-382450,NA,NA,-152.400009155273,2042.16003417969
"27L_N_Ext_Base","PLT","R27L",1,9308,-393562,NA,NA,-152.400009155273,2286
"27L_N_Ext_Base","PLT","R27L",2,48200,-393367,NA,NA,-152.400009155273,2286
"27L_N_Ext_Base","PLT","R27L",3,48255,-404479,NA,NA,-152.400009155273,2286
"27L_N_Ext_Base","PLT","R27L",4,9364,-404673,NA,NA,-152.400009155273,2286
"27L_N_Ext_Base","PLT","R27L",5,9308,-393562,NA,NA,-152.400009155273,2286
"27L_N_Ext_Inter","PLT","R27L",1,9308,-393562,NA,NA,-152.400009155273,2286
"27L_N_Ext_Inter","PLT","R27L",2,48200,-393367,NA,NA,-152.400009155273,2286
"27L_N_Ext_Inter","PLT","R27L",3,48255,-404479,NA,NA,-152.400009155273,2286
"27L_N_Ext_Inter","PLT","R27L",4,9364,-404673,NA,NA,-152.400009155273,2286
"27L_N_Ext_Inter","PLT","R27L",5,9308,-393562,NA,NA,-152.400009155273,2286
"27L_N_Intercept","PLT","R27L",1,9308,-393562,NA,NA,-152.400009155273,2042.16003417969
"27L_N_Intercept","PLT","R27L",2,48200,-393367,NA,NA,-152.400009155273,2042.16003417969
"27L_N_Intercept","PLT","R27L",3,48144,-382255,NA,NA,-152.400009155273,2042.16003417969
"27L_N_Intercept","PLT","R27L",4,9253,-382450,NA,NA,-152.400009155273,2042.16003417969
"27L_N_Intercept","PLT","R27L",5,9308,-393562,NA,NA,-152.400009155273,2042.16003417969
"27L_S_Base_1a","PLT","R27L",1,9308,-393562,NA,NA,-152.400009155273,1432.56005859375
"27L_S_Base_1a","PLT","R27L",2,9364,-404673,NA,NA,-152.400009155273,1432.56005859375
"27L_S_Base_1a","PLT","R27L",3,20476,-404618,NA,NA,-152.400009155273,1432.56005859375
"27L_S_Base_1a","PLT","R27L",4,20420,-393506,NA,NA,-152.400009155273,1432.56005859375
"27L_S_Base_1a","PLT","R27L",5,9308,-393562,NA,NA,-152.400009155273,1432.56005859375
"27L_S_Base_1b","PLT","R27L",1,20420,-393506,NA,NA,-152.400009155273,1737.35998535156
"27L_S_Base_1b","PLT","R27L",2,20476,-404618,NA,NA,-152.400009155273,1737.35998535156
"27L_S_Base_1b","PLT","R27L",3,27884,-404581,NA,NA,-152.400009155273,1737.35998535156
"27L_S_Base_1b","PLT","R27L",4,27828,-393469,NA,NA,-152.400009155273,1737.35998535156
"27L_S_Base_1b","PLT","R27L",5,20420,-393506,NA,NA,-152.400009155273,1737.35998535156
"27L_S_Base_1c","PLT","R27L",1,27828,-393469,NA,NA,-152.400009155273,2042.16003417969
"27L_S_Base_1c","PLT","R27L",2,27884,-404581,NA,NA,-152.400009155273,2042.16003417969
"27L_S_Base_1c","PLT","R27L",3,48255,-404479,NA,NA,-152.400009155273,2042.16003417969
"27L_S_Base_1c","PLT","R27L",4,48200,-393367,NA,NA,-152.400009155273,2042.16003417969
"27L_S_Base_1c","PLT","R27L",5,27828,-393469,NA,NA,-152.400009155273,2042.16003417969
"27L_S_Base_2","PLT","R27L",1,9364,-404673,NA,NA,-152.400009155273,2042.16003417969
"27L_S_Base_2","PLT","R27L",2,48255,-404479,NA,NA,-152.400009155273,2042.16003417969
"27L_S_Base_2","PLT","R27L",3,48200,-393367,NA,NA,-152.400009155273,2042.16003417969
"27L_S_Base_2","PLT","R27L",4,9308,-393562,NA,NA,-152.400009155273,2042.16003417969
"27L_S_Base_2","PLT","R27L",5,9364,-404673,NA,NA,-152.400009155273,2042.16003417969
"27L_S_Ext_Base","PLT","R27L",1,9308,-393562,NA,NA,-152.400009155273,2286
"27L_S_Ext_Base","PLT","R27L",2,48200,-393367,NA,NA,-152.400009155273,2286
"27L_S_Ext_Base","PLT","R27L",3,48144,-382255,NA,NA,-152.400009155273,2286
"27L_S_Ext_Base","PLT","R27L",4,9253,-382450,NA,NA,-152.400009155273,2286
"27L_S_Ext_Base","PLT","R27L",5,9308,-393562,NA,NA,-152.400009155273,2286
"27L_S_Ext_Inter","PLT","R27L",1,9308,-393562,NA,NA,-152.400009155273,2286
"27L_S_Ext_Inter","PLT","R27L",2,48200,-393367,NA,NA,-152.400009155273,2286
"27L_S_Ext_Inter","PLT","R27L",3,48144,-382255,NA,NA,-152.400009155273,2286
"27L_S_Ext_Inter","PLT","R27L",4,9253,-382450,NA,NA,-152.400009155273,2286
"27L_S_Ext_Inter","PLT","R27L",5,9308,-393562,NA,NA,-152.400009155273,2286
"27L_S_Intercept","PLT","R27L",1,9308,-393562,NA,NA,-152.400009155273,2042.16003417969
"27L_S_Intercept","PLT","R27L",2,48200,-393367,NA,NA,-152.400009155273,2042.16003417969
"27L_S_Intercept","PLT","R27L",3,48255,-404479,NA,NA,-152.400009155273,2042.16003417969
"27L_S_Intercept","PLT","R27L",4,9364,-404673,NA,NA,-152.400009155273,2042.16003417969
"27L_S_Intercept","PLT","R27L",5,9308,-393562,NA,NA,-152.400009155273,2042.16003417969
"27L_Switch","PLT","R27L",1,1898,-393099,NA,NA,-152.400009155273,2042.16003417969
"27L_Switch","PLT","R27L",2,1896,-392599,NA,NA,-152.400009155273,2042.16003417969
"27L_Switch","PLT","R27L",3,48195,-392367,NA,NA,-152.400009155273,2042.16003417969
"27L_Switch","PLT","R27L",4,48197,-392867,NA,NA,-152.400009155273,2042.16003417969
"27L_Switch","PLT","R27L",5,1898,-393099,NA,NA,-152.400009155273,2042.16003417969
"27L_W_0DME","PLT","R27L",1,1956,-404710,NA,NA,-152.400009155273,2286
"27L_W_0DME","PLT","R27L",2,1845,-382487,NA,NA,-152.400009155273,2286
"27L_W_0DME","PLT","R27L",3,-1858,-382505,NA,NA,-152.400009155273,2286
"27L_W_0DME","PLT","R27L",4,-1747,-404729,NA,NA,-152.400009155273,2286
"27L_W_0DME","PLT","R27L",5,1956,-404710,NA,NA,-152.400009155273,2286
"27L_W_4DME","PLT","R27L",1,9253,-382450,NA,NA,-152.400009155273,2286
"27L_W_4DME","PLT","R27L",2,-1858,-382505,NA,NA,-152.400009155273,2286
"27L_W_4DME","PLT","R27L",3,-1747,-404729,NA,NA,-152.400009155273,2286
"27L_W_4DME","PLT","R27L",4,9364,-404673,NA,NA,-152.400009155273,2286
"27L_W_4DME","PLT","R27L",5,9253,-382450,NA,NA,-152.400009155273,2286
"27R_Climb_Out","PLT","R27R",1,-1717,-397758,NA,NA,-152.400009155273,2286
"27R_Climb_Out","PLT","R27R",2,-1774,-386646,NA,NA,-152.400009155273,2286
"27R_Climb_Out","PLT","R27R",3,16744,-386551,NA,NA,-152.400009155273,2286
"27R_Climb_Out","PLT","R27R",4,16802,-397662,NA,NA,-152.400009155273,2286
"27R_Climb_Out","PLT","R27R",5,-1717,-397758,NA,NA,-152.400009155273,2286
"27R_GT_1_N","PLT","R27R",1,-1755,-390350,NA,NA,-152.400009155273,2286
"27R_GT_1_N","PLT","R27R",2,48247,-390092,NA,NA,-152.400009155273,2286
"27R_GT_1_N","PLT","R27R",3,48199,-380832,NA,NA,-152.400009155273,2286
"27R_GT_1_N","PLT","R27R",4,-1803,-381090,NA,NA,-152.400009155273,2286
"27R_GT_1_N","PLT","R27R",5,-1755,-390350,NA,NA,-152.400009155273,2286
"27R_GT_1_S","PLT","R27R",1,-1736,-394054,NA,NA,-152.400009155273,2286
"27R_GT_1_S","PLT","R27R",2,48266,-393796,NA,NA,-152.400009155273,2286
"27R_GT_1_S","PLT","R27R",3,48314,-403056,NA,NA,-152.400009155273,2286
"27R_GT_1_S","PLT","R27R",4,-1688,-403314,NA,NA,-152.400009155273,2286
"27R_GT_1_S","PLT","R27R",5,-1736,-394054,NA,NA,-152.400009155273,2286
"27R_GT_3_N","PLT","R27R",1,-1774,-386646,NA,NA,-152.400009155273,2286
"27R_GT_3_N","PLT","R27R",2,48228,-386388,NA,NA,-152.400009155273,2286
"27R_GT_3_N","PLT","R27R",3,48199,-380832,NA,NA,-152.400009155273,2286
"27R_GT_3_N","PLT","R27R",4,-1803,-381090,NA,NA,-152.400009155273,2286
"27R_GT_3_N","PLT","R27R",5,-1774,-386646,NA,NA,-152.400009155273,2286
"27R_GT_3_S","PLT","R27R",1,-1717,-397758,NA,NA,-152.400009155273,2286
"27R_GT_3_S","PLT","R27R",2,48285,-397500,NA,NA,-152.400009155273,2286
"27R_GT_3_S","PLT","R27R",3,48314,-403056,NA,NA,-152.400009155273,2286
"27R_GT_3_S","PLT","R27R",4,-1688,-403314,NA,NA,-152.400009155273,2286
"27R_GT_3_S","PLT","R27R",5,-1717,-397758,NA,NA,-152.400009155273,2286
"27R_GWCS_ILS","GWCS","R27R",1,1959,-392433,NA,NA,-152.400009155273,2042.16003417969
"27R_GWCS_ILS","GWCS","R27R",2,1956,-391933,NA,NA,-152.400009155273,2042.16003417969
"27R_GWCS_ILS","GWCS","R27R",3,42699,-391723,NA,NA,-152.400009155273,2042.16003417969
"27R_GWCS_ILS","GWCS","R27R",4,42702,-392223,NA,NA,-152.400009155273,2042.16003417969
"27R_GWCS_ILS","GWCS","R27R",5,1959,-392433,NA,NA,-152.400009155273,2042.16003417969
"27R_ILS","PLT","R27R",1,9366,-392395,NA,NA,-152.400009155273,2042.16003417969
"27R_ILS","PLT","R27R",2,9364,-391895,NA,NA,-152.400009155273,2042.16003417969
"27R_ILS","PLT","R27R",3,48255,-391694,NA,NA,-152.400009155273,2042.16003417969
"27R_ILS","PLT","R27R",4,48258,-392194,NA,NA,-152.400009155273,2042.16003417969
"27R_ILS","PLT","R27R",5,9366,-392395,NA,NA,-152.400009155273,2042.16003417969
"27R_Landing","PLT","R27R",1,1959,-392433,NA,NA,-152.400009155273,609.600036621094
"27R_Landing","PLT","R27R",2,1956,-391933,NA,NA,-152.400009155273,609.600036621094
"27R_Landing","PLT","R27R",3,9364,-391895,NA,NA,-152.400009155273,609.600036621094
"27R_Landing","PLT","R27R",4,9366,-392395,NA,NA,-152.400009155273,609.600036621094
"27R_Landing","PLT","R27R",5,1959,-392433,NA,NA,-152.400009155273,609.600036621094
"27R_N_Base_1a","PLT","R27R",1,9365,-392145,NA,NA,-152.400009155273,1432.56005859375
"27R_N_Base_1a","PLT","R27R",2,9308,-381033,NA,NA,-152.400009155273,1432.56005859375
"27R_N_Base_1a","PLT","R27R",3,20420,-380975,NA,NA,-152.400009155273,1432.56005859375
"27R_N_Base_1a","PLT","R27R",4,20477,-392087,NA,NA,-152.400009155273,1432.56005859375
"27R_N_Base_1a","PLT","R27R",5,9365,-392145,NA,NA,-152.400009155273,1432.56005859375
"27R_N_Base_1b","PLT","R27R",1,20477,-392087,NA,NA,-152.400009155273,1737.35998535156
"27R_N_Base_1b","PLT","R27R",2,20420,-380975,NA,NA,-152.400009155273,1737.35998535156
"27R_N_Base_1b","PLT","R27R",3,27828,-380937,NA,NA,-152.400009155273,1737.35998535156
"27R_N_Base_1b","PLT","R27R",4,27885,-392049,NA,NA,-152.400009155273,1737.35998535156
"27R_N_Base_1b","PLT","R27R",5,20477,-392087,NA,NA,-152.400009155273,1737.35998535156
"27R_N_Base_1c","PLT","R27R",1,27885,-392049,NA,NA,-152.400009155273,2042.16003417969
"27R_N_Base_1c","PLT","R27R",2,27828,-380937,NA,NA,-152.400009155273,2042.16003417969
"27R_N_Base_1c","PLT","R27R",3,48199,-380832,NA,NA,-152.400009155273,2042.16003417969
"27R_N_Base_1c","PLT","R27R",4,48257,-391944,NA,NA,-152.400009155273,2042.16003417969
"27R_N_Base_1c","PLT","R27R",5,27885,-392049,NA,NA,-152.400009155273,2042.16003417969
"27R_N_Base_2","PLT","R27R",1,9308,-381033,NA,NA,-152.400009155273,2042.16003417969
"27R_N_Base_2","PLT","R27R",2,48199,-380832,NA,NA,-152.400009155273,2042.16003417969
"27R_N_Base_2","PLT","R27R",3,48257,-391944,NA,NA,-152.400009155273,2042.16003417969
"27R_N_Base_2","PLT","R27R",4,9365,-392145,NA,NA,-152.400009155273,2042.16003417969
"27R_N_Base_2","PLT","R27R",5,9308,-381033,NA,NA,-152.400009155273,2042.16003417969
"27R_N_Ext_Base","PLT","R27R",1,9365,-392145,NA,NA,-152.400009155273,2286
"27R_N_Ext_Base","PLT","R27R",2,48257,-391944,NA,NA,-152.400009155273,2286
"27R_N_Ext_Base","PLT","R27R",3,48314,-403056,NA,NA,-152.400009155273,2286
"27R_N_Ext_Base","PLT","R27R",4,9422,-403256,NA,NA,-152.400009155273,2286
"27R_N_Ext_Base","PLT","R27R",5,9365,-392145,NA,NA,-152.400009155273,2286
"27R_N_Ext_Inter","PLT","R27R",1,9365,-392145,NA,NA,-152.400009155273,2286
"27R_N_Ext_Inter","PLT","R27R",2,48257,-391944,NA,NA,-152.400009155273,2286
"27R_N_Ext_Inter","PLT","R27R",3,48314,-403056,NA,NA,-152.400009155273,2286
"27R_N_Ext_Inter","PLT","R27R",4,9422,-403256,NA,NA,-152.400009155273,2286
"27R_N_Ext_Inter","PLT","R27R",5,9365,-392145,NA,NA,-152.400009155273,2286
"27R_N_Intercept","PLT","R27R",1,9365,-392145,NA,NA,-152.400009155273,2042.16003417969
"27R_N_Intercept","PLT","R27R",2,48257,-391944,NA,NA,-152.400009155273,2042.16003417969
"27R_N_Intercept","PLT","R27R",3,48199,-380832,NA,NA,-152.400009155273,2042.16003417969
"27R_N_Intercept","PLT","R27R",4,9308,-381033,NA,NA,-152.400009155273,2042.16003417969
"27R_N_Intercept","PLT","R27R",5,9365,-392145,NA,NA,-152.400009155273,2042.16003417969
"27R_S_Base_1a","PLT","R27R",1,9365,-392145,NA,NA,-152.400009155273,1432.56005859375
"27R_S_Base_1a","PLT","R27R",2,9422,-403256,NA,NA,-152.400009155273,1432.56005859375
"27R_S_Base_1a","PLT","R27R",3,20534,-403199,NA,NA,-152.400009155273,1432.56005859375
"27R_S_Base_1a","PLT","R27R",4,20477,-392087,NA,NA,-152.400009155273,1432.56005859375
"27R_S_Base_1a","PLT","R27R",5,9365,-392145,NA,NA,-152.400009155273,1432.56005859375
"27R_S_Base_1b","PLT","R27R",1,20477,-392087,NA,NA,-152.400009155273,1737.35998535156
"27R_S_Base_1b","PLT","R27R",2,20534,-403199,NA,NA,-152.400009155273,1737.35998535156
"27R_S_Base_1b","PLT","R27R",3,27942,-403161,NA,NA,-152.400009155273,1737.35998535156
"27R_S_Base_1b","PLT","R27R",4,27885,-392049,NA,NA,-152.400009155273,1737.35998535156
"27R_S_Base_1b","PLT","R27R",5,20477,-392087,NA,NA,-152.400009155273,1737.35998535156
"27R_S_Base_1c","PLT","R27R",1,27885,-392049,NA,NA,-152.400009155273,2042.16003417969
"27R_S_Base_1c","PLT","R27R",2,27942,-403161,NA,NA,-152.400009155273,2042.16003417969
"27R_S_Base_1c","PLT","R27R",3,48314,-403056,NA,NA,-152.400009155273,2042.16003417969
"27R_S_Base_1c","PLT","R27R",4,48257,-391944,NA,NA,-152.400009155273,2042.16003417969
"27R_S_Base_1c","PLT","R27R",5,27885,-392049,NA,NA,-152.400009155273,2042.16003417969
"27R_S_Base_2","PLT","R27R",1,9422,-403256,NA,NA,-152.400009155273,2042.16003417969
"27R_S_Base_2","PLT","R27R",2,48314,-403056,NA,NA,-152.400009155273,2042.16003417969
"27R_S_Base_2","PLT","R27R",3,48257,-391944,NA,NA,-152.400009155273,2042.16003417969
"27R_S_Base_2","PLT","R27R",4,9365,-392145,NA,NA,-152.400009155273,2042.16003417969
"27R_S_Base_2","PLT","R27R",5,9422,-403256,NA,NA,-152.400009155273,2042.16003417969
"27R_S_Ext_Base","PLT","R27R",1,9365,-392145,NA,NA,-152.400009155273,2286
"27R_S_Ext_Base","PLT","R27R",2,48257,-391944,NA,NA,-152.400009155273,2286
"27R_S_Ext_Base","PLT","R27R",3,48199,-380832,NA,NA,-152.400009155273,2286
"27R_S_Ext_Base","PLT","R27R",4,9308,-381033,NA,NA,-152.400009155273,2286
"27R_S_Ext_Base","PLT","R27R",5,9365,-392145,NA,NA,-152.400009155273,2286
"27R_S_Ext_Inter","PLT","R27R",1,9365,-392145,NA,NA,-152.400009155273,2286
"27R_S_Ext_Inter","PLT","R27R",2,48257,-391944,NA,NA,-152.400009155273,2286
"27R_S_Ext_Inter","PLT","R27R",3,48199,-380832,NA,NA,-152.400009155273,2286
"27R_S_Ext_Inter","PLT","R27R",4,9308,-381033,NA,NA,-152.400009155273,2286
"27R_S_Ext_Inter","PLT","R27R",5,9365,-392145,NA,NA,-152.400009155273,2286
"27R_S_Intercept","PLT","R27R",1,9365,-392145,NA,NA,-152.400009155273,2042.16003417969
"27R_S_Intercept","PLT","R27R",2,48257,-391944,NA,NA,-152.400009155273,2042.16003417969
"27R_S_Intercept","PLT","R27R",3,48314,-403056,NA,NA,-152.400009155273,2042.16003417969
"27R_S_Intercept","PLT","R27R",4,9422,-403256,NA,NA,-152.400009155273,2042.16003417969
"27R_S_Intercept","PLT","R27R",5,9365,-392145,NA,NA,-152.400009155273,2042.16003417969
"27R_Switch","PLT","R27R",1,1960,-392683,NA,NA,-152.400009155273,2042.16003417969
"27R_Switch","PLT","R27R",2,1962,-393183,NA,NA,-152.400009155273,2042.16003417969
"27R_Switch","PLT","R27R",3,48262,-392944,NA,NA,-152.400009155273,2042.16003417969
"27R_Switch","PLT","R27R",4,48259,-392444,NA,NA,-152.400009155273,2042.16003417969
"27R_Switch","PLT","R27R",5,1960,-392683,NA,NA,-152.400009155273,2042.16003417969
"27R_W_0DME","PLT","R27R",1,2015,-403295,NA,NA,-152.400009155273,2286
"27R_W_0DME","PLT","R27R",2,1900,-381071,NA,NA,-152.400009155273,2286
"27R_W_0DME","PLT","R27R",3,-1803,-381090,NA,NA,-152.400009155273,2286
"27R_W_0DME","PLT","R27R",4,-1688,-403314,NA,NA,-152.400009155273,2286
"27R_W_0DME","PLT","R27R",5,2015,-403295,NA,NA,-152.400009155273,2286
"27R_W_4DME","PLT","R27R",1,9308,-381033,NA,NA,-152.400009155273,2286
"27R_W_4DME","PLT","R27R",2,-1803,-381090,NA,NA,-152.400009155273,2286
"27R_W_4DME","PLT","R27R",3,-1688,-403314,NA,NA,-152.400009155273,2286
"27R_W_4DME","PLT","R27R",4,9422,-403256,NA,NA,-152.400009155273,2286
"27R_W_4DME","PLT","R27R",5,9308,-381033,NA,NA,-152.400009155273,2286
